timestamp,conversion_rate,avg_sales_time,avg_ticket,win_rate,loss_rate,churn_rate,customer_satisfaction,revenue,profit_margin,roi
2024-01-11 09:00:00,0.25,48.5,15000.00,0.75,0.25,0.05,4.5,375000.00,0.35,2.5
2024-01-11 10:00:00,0.26,47.8,15200.00,0.76,0.24,0.05,4.6,380000.00,0.36,2.6
2024-01-11 11:00:00,0.27,47.2,15400.00,0.77,0.23,0.05,4.7,385000.00,0.37,2.7
2024-01-11 12:00:00,0.28,46.5,15600.00,0.78,0.22,0.05,4.8,390000.00,0.38,2.8
2024-01-11 13:00:00,0.29,45.8,15800.00,0.79,0.21,0.05,4.9,395000.00,0.39,2.9
2024-01-11 14:00:00,0.30,45.2,16000.00,0.80,0.20,0.05,5.0,400000.00,0.40,3.0
2024-01-11 15:00:00,0.31,44.5,16200.00,0.81,0.19,0.05,5.1,405000.00,0.41,3.1
2024-01-11 16:00:00,0.32,43.8,16400.00,0.82,0.18,0.05,5.2,410000.00,0.42,3.2
2024-01-11 17:00:00,0.33,43.2,16600.00,0.83,0.17,0.05,5.3,415000.00,0.43,3.3
2024-01-11 18:00:00,0.34,42.5,16800.00,0.84,0.16,0.05,5.4,420000.00,0.44,3.4 